void_instance,experiment_id
subj_1_void1,1
subj_1_void2,2
subj_1_void3,3
subj_1_void6,4
subj_1_void7,5
subj_1_void8,6
subj_1_void10,7
subj_2_void1,8
subj_2_void2,9
subj_2_void3,10
subj_2_void4,11
subj_2_void5,12
subj_2_void6,13
subj_2_void7,14
subj_3_void1,15
subj_3_void2,16
subj_3_void5,17
subj_3_void6,18
subj_3_void7,19
subj_3_void8,20
subj_4_void2,21
subj_4_void3,22
subj_4_void4,23
subj_4_void5,24
subj_5_void2,25
subj_5_void3,26
subj_6_void1,27
subj_7_void1,28
subj_7_void2,29
subj_8_void1,30
subj_9_void1,31
subj_9_void2,32
subj_10_void1,33
subj_10_void2,34
subj_11_void1,35
subj_12_void1,36
subj_12_void2,37
subj_13_void1,38
subj_14_void1,39
subj_15_void1,40
subj_16_void1,41
